stationId,hierarchy
1.15.0,Haldenvassdraget
1.200.0,Haldenvassdraget
1.41.0,Haldenvassdraget
1.42.0,Haldenvassdraget
1.43.0,Haldenvassdraget
1.45.0,Mjerma/Haldenvassdraget
1.46.0,Mjerma/Haldenvassdraget
1.47.0,Haldenvassdraget
1.48.0,Haldenvassdraget
1.49.0,Haldenvassdraget
1.50.0,Haldenvassdraget
1.52.0,Hemneselva/Haldenvassdraget
1.57.0,Haldenvassdraget
100.1.0,Valldøla
101.1.0,Tennfjordelva
101.4.1,Skorgelva
102.1.0,Hildreelva
103.1.0,Ulvåa/Rauma
103.10.0,Mongebekken/Rauma
103.12.0,Rauma
103.13.0,Verma/Rauma
103.19.0,Rauma
103.20.0,Isavassdraget
103.23.0,Glutra/Isavassdraget
103.3.0,Rauma
103.40.0,Rauma
103.41.0,Rauma
103.42.0,Rauma
103.45.0,Rauma
103.46.0,Rauma
103.48.0,Rauma
103.8.0,Innfjordselva
104.1.0,Eira
104.13.0,Eira
104.19.0,Indre mardøla/Mardøla/Eira
104.2.0,Eira
104.22.0,Mardøla/Eira
104.23.0,Visa
104.26.0,Mardøla/Eira
104.27.0,Eira
104.3.0,Eira
105.1.0,Osenvassdraget
107.3.0,Farstadelva
107.8.0,Sagelva
108.4.0,Vasskordelva
109.13.0,Litledalselva
109.14.0,Litledalselva
109.17.0,Reinsvasselva/Litledalselva
109.20.0,Driva
109.21.0,Driva
109.23.0,Festa/Driva
109.25.0,Vindøla/Driva
109.29.0,Grøa/Driva
109.35.0,Litledalselva
109.42.0,Driva
109.44.0,Driva
109.6.0,Grøa/Driva
109.9.0,Driva
11.4.0,Rotua/Glitra/Lierelva
110.1.0,"Averøy, Frei og Kristiansund kommuner"
110.2.0,"Averøy, Frei og Kristiansund kommuner"
111.10.0,Toåa
111.11.0,Viddalselva
111.14.1,Toåa
111.14.2,Toåa
111.5.0,Toåa
111.9.0,Søya
112.10.0,Nordsvorka/Svorka/Bøvra
112.11.0,Svorka/Bøvra
112.12.0,Litle bøvra/Bøvra
112.13.0,Folla/Surna
112.27.0,Surna
112.31.0,Rinda/Surna
112.32.0,Surna
112.33.0,Surna
112.35.0,Surna
112.40.0,Vinddølelva/Surna
112.43.0,Vinddølelva/Surna
112.8.0,Rinda/Surna
112.9.0,elv fra Langvatna/Gløna
113.11.0,Grytåa
113.2.0,Grytåa
114.1.0,Storelva
117.4.0,Lakselva
117.6.0,Lakselva
119.4.0,Søa
12.108.0,Hakavikelva/Vestfosselva/Drammensvassdraget
12.111.0,Åbjøra/Drammensvassdraget
12.112.0,Simoa/Drammensvassdraget
12.113.0,Simoa/Drammensvassdraget
12.114.0,Sokna/Drammensvassdraget
12.116.0,Flya/Åbjøra/Drammensvassdraget
12.117.0,Gjuva/Grøndøla/Hemsil/Hallingdalsvassdraget/Drammensvassdraget
12.125.0,Varaldsetåni/Votna/Hallingdalsvassdraget/Drammensvassdraget
12.126.0,Votna/Hallingdalsvassdraget/Drammensvassdraget
12.127.0,Tverråni/Votna/Hallingdalsvassdraget/Drammensvassdraget
12.128.0,Urundi/Åni/Hallingdalsvassdraget/Drammensvassdraget
12.129.0,Votna/Hallingdalsvassdraget/Drammensvassdraget
12.13.0,Rysna/Drammensvassdraget
12.130.0,Lauvdøla/Hemsil/Hallingdalsvassdraget/Drammensvassdraget
12.135.0,Åbjøra/Drammensvassdraget
12.136.0,Åbjøra/Drammensvassdraget
12.138.0,Åbjøra/Drammensvassdraget
12.139.0,Neselvi/Drammensvassdraget
12.140.0,Neselvi/Drammensvassdraget
12.142.0,Åni/Hallingdalsvassdraget/Drammensvassdraget
12.145.0,Flya/Åbjøra/Drammensvassdraget
12.146.0,Flya/Åbjøra/Drammensvassdraget
12.148.0,Drammensvassdraget
12.15.0,Drammensvassdraget
12.150.0,Rukkedøla/Hallingdalsvassdraget/Drammensvassdraget
12.151.0,Vestre bjonelva/Drammensvassdraget
12.152.0,Somma/Drammensvassdraget
12.156.0,Rysna/Drammensvassdraget
12.158.0,Drammensvassdraget
12.159.0,Hallingdalsvassdraget/Drammensvassdraget
12.160.0,Hallingdalsvassdraget/Drammensvassdraget
12.161.0,Ørteråni/Hallingdalsvassdraget/Drammensvassdraget
12.162.0,Hallingdalsvassdraget/Drammensvassdraget
12.167.0,Hallingdalsvassdraget/Drammensvassdraget
12.168.0,Tverråni/Neselvi/Drammensvassdraget
12.17.0,Dokka/Randselva/Drammensvassdraget
12.170.0,Hallingdalsvassdraget/Drammensvassdraget
12.171.0,Hølera/Drammensvassdraget
12.178.0,Simoa/Drammensvassdraget
12.188.0,Trommaldelva/Hallingdalsvassdraget/Drammensvassdraget
12.19.0,Åvella/Randselva/Drammensvassdraget
12.190.0,Somma/Drammensvassdraget
12.192.0,Lianelva/Vestfosselva/Drammensvassdraget
12.193.0,Fiskumelva/Vestfosselva/Drammensvassdraget
12.194.0,Drammensvassdraget
12.197.0,Grunka/Flya/Åbjøra/Drammensvassdraget
12.20.0,Velmundselva/Randselva/Drammensvassdraget
12.200.0,Randselva/Drammensvassdraget
12.207.0,Vinda/Neselvi/Drammensvassdraget
12.208.0,Drammensvassdraget
12.209.0,Urula/Drammensvassdraget
12.212.0,Heieelvi/Hallingdalsvassdraget/Drammensvassdraget
12.215.0,Hemsil/Hallingdalsvassdraget/Drammensvassdraget
12.228.0,Randselva/Drammensvassdraget
12.24.0,Horga/Simoa/Drammensvassdraget
12.26.0,Grytelva/Horga/Simoa/Drammensvassdraget
12.27.0,Grytelva/Horga/Simoa/Drammensvassdraget
12.285.0,Drammensvassdraget
12.286.0,Vigga/Randselva/Drammensvassdraget
12.289.0,Drammensvassdraget
12.29.0,Horga/Simoa/Drammensvassdraget
12.290.0,Drammensvassdraget
12.298.0,Drammensvassdraget
12.304.0,Hallingdalsvassdraget/Drammensvassdraget
12.306.0,Hallingdalsvassdraget/Drammensvassdraget
12.308.0,Hallingdalsvassdraget/Drammensvassdraget
12.309.0,Randselva/Drammensvassdraget
12.31.0,Flya/Åbjøra/Drammensvassdraget
12.311.0,Randselva/Drammensvassdraget
12.315.0,Dokka/Randselva/Drammensvassdraget
12.319.0,Randselva/Drammensvassdraget
12.325.0,Drammensvassdraget
12.333.0,Drammensvassdraget
12.335.0,Neselvi/Drammensvassdraget
12.336.0,Neselvi/Drammensvassdraget
12.343.12,Hallingdalsvassdraget/Drammensvassdraget
12.344.1,Urula/Drammensvassdraget
12.368.1,Hallingdalsvassdraget/Drammensvassdraget
12.37.0,Ylja/Drammensvassdraget
12.377.24,Hallingdalsvassdraget/Drammensvassdraget
12.5.0,Drammensvassdraget
12.534.0,Drammensvassdraget
12.534.1,Drammensvassdraget
12.534.3,Drammensvassdraget
12.534.4,Drammensvassdraget
12.534.5,Drammensvassdraget
12.534.6,Drammensvassdraget
12.534.7,Drammensvassdraget
12.534.8,Drammensvassdraget
12.534.9,Drammensvassdraget
12.548.0,Hallingdalsvassdraget/Drammensvassdraget
12.549.0,Åni/Hallingdalsvassdraget/Drammensvassdraget
12.550.0,Hallingdalsvassdraget/Drammensvassdraget
12.551.0,Hemsil/Hallingdalsvassdraget/Drammensvassdraget
12.553.0,Vestfosselva/Drammensvassdraget
12.554.0,Åni/Hallingdalsvassdraget/Drammensvassdraget
12.555.0,Åni/Hallingdalsvassdraget/Drammensvassdraget
12.582.0,Ylja/Drammensvassdraget
12.599.0,Vigga/Randselva/Drammensvassdraget
12.6.0,Åni/Hallingdalsvassdraget/Drammensvassdraget
12.600.0,Vigga/Randselva/Drammensvassdraget
12.601.1,Vigga/Randselva/Drammensvassdraget
12.601.2,Eggeelva/Vigga/Randselva/Drammensvassdraget
12.601.3,Vigga/Randselva/Drammensvassdraget
12.601.4,Vigga/Randselva/Drammensvassdraget
12.601.5,Vigga/Randselva/Drammensvassdraget
12.603.0,Simoa/Drammensvassdraget
12.607.0,Rukkedøla/Hallingdalsvassdraget/Drammensvassdraget
12.611.0,Hallingdalsvassdraget/Drammensvassdraget
12.613.0,Neselvi/Drammensvassdraget
12.614.0,Kvinda/Hallingdalsvassdraget/Drammensvassdraget
12.623.0,Hallingdalsvassdraget/Drammensvassdraget
12.625.0,Drammensvassdraget
12.626.0,Rysna/Drammensvassdraget
12.627.0,Drammensvassdraget
12.628.0,Drammensvassdraget
12.65.0,Drammensvassdraget
12.69.0,
12.70.0,Randselva/Drammensvassdraget
12.74.0,Velmundselva/Randselva/Drammensvassdraget
12.75.0,Drammensvassdraget
12.76.0,Drammensvassdraget
12.77.0,Drammensvassdraget
12.78.0,Drammensvassdraget
12.8.0,Dokka/Randselva/Drammensvassdraget
12.81.0,Drammensvassdraget
12.83.0,Drammensvassdraget
12.87.0,Neselvi/Drammensvassdraget
12.88.0,Neselvi/Drammensvassdraget
12.89.0,Neselvi/Drammensvassdraget
12.91.0,Neselvi/Drammensvassdraget
12.97.0,Hallingdalsvassdraget/Drammensvassdraget
12.99.0,Hallingdalsvassdraget/Drammensvassdraget
121.10.0,Orkla
121.18.0,Grana/Orkla
121.2.0,Byna/Orkla
121.20.0,Svorka/Orkla
121.22.0,Orkla
121.23.0,Orkla
121.25.0,Orkla
121.26.0,Orkla
121.27.0,Inna/Orkla
121.29.0,Gisna/Byna/Orkla
121.30.0,Sverja/Orkla
121.31.0,Falninga/Ya/Orkla
121.32.0,Ya/Orkla
121.39.0,Orkla
121.4.0,Skjenaldelva
121.57.0,Vorma/Orkla
121.59.0,Orkla
121.62.0,Orkla
121.64.0,Orkla
121.65.0,Orkla
121.66.0,Orkla
121.67.0,Orkla
122.11.0,Gaula
122.14.0,Bua/Gaula
122.16.0,Gaua/Gaula
122.17.0,Sokna/Gaula
122.19.0,Vigda
122.20.0,Holta/Gaula
122.28.0,Gaula
122.37.0,bekk fra Varmbu/Gaula
122.4.0,Lundesokna/Gaula
122.46.3,Sokna/Gaula
122.46.4,Sokna/Gaula
122.46.5,Sokna/Gaula
122.7.0,Lundesokna/Gaula
122.9.0,Gaula
123.10.0,Gullsetelva/Slindelva/Nidelvvassdraget
123.113.0,Nidelvvassdraget
123.142.0,Lødølja/Nidelvvassdraget
123.17.0,Nidelvvassdraget
123.18.0,Tya/Nidelvvassdraget
123.19.0,Drakstelva/Nidelvvassdraget
123.2.3,Nidelvvassdraget/Strindfjorden
123.20.0,Nidelvvassdraget
123.23.0,Nidelvvassdraget
123.26.0,Nidelvvassdraget
123.28.0,Vikelva
123.29.0,Vikelva
123.30.0,Vikelva
123.31.0,Garbergselva/Nidelvvassdraget
123.32.0,Lødølja/Nidelvvassdraget
123.33.0,Brandelva/Slindelva/Nidelvvassdraget
123.34.0,Nidelvvassdraget
123.36.0,Nidelvvassdraget
123.38.0,Nidelvvassdraget
123.50.0,Nidelvvassdraget
123.52.0,Nidelvvassdraget
123.56.0,Homla
123.57.2,Vikelva
123.59.0,Homla
123.73.0,Nidelvvassdraget
123.8.0,Slindelva/Nidelvvassdraget
123.86.0,Drakstelva/Nidelvvassdraget
123.93.0,Vikelva
123.95.0,Nidelvvassdraget/Strindfjorden
124.12.0,Stjørdalsvassdraget
124.13.0,Forra/Stjørdalsvassdraget
124.15.0,Gråelva/Stjørdalsvassdraget
124.16.0,Stjørdalsvassdraget
124.19.0,Forra/Stjørdalsvassdraget
124.2.0,Forra/Stjørdalsvassdraget
124.20.0,Stjørdalsvassdraget
124.21.0,Funna/Stjørdalsvassdraget
124.22.0,Stjørdalsvassdraget
124.27.0,Stjørdalsvassdraget
124.33.0,Stjørdalsvassdraget
124.34.0,Gråelva fra liavatnet
124.4.0,Funna/Stjørdalsvassdraget
124.49.0,Dalåa/Stjørdalsvassdraget
124.7.0,Kopperåa/Stjørdalsvassdraget
124.76.0,Dalåa/Stjørdalsvassdraget
125.1.0,Hopla
125.2.0,Hopla
125.4.0,Trondheimsfjorden øst: Frosta-Verdalsøra
126.2.0,Hottranelva
126.3.0,Levangervassdraget
127.11.0,Verdalsvassdraget
127.13.0,Inna/Verdalsvassdraget
127.14.0,Verdalsvassdraget
127.6.0,Verdalsvassdraget
128.14.0,Snåsavassdraget
128.5.0,Ogna/Snåsavassdraget
128.8.0,Snåsavassdraget
128.9.0,Figga
131.2.0,Mossa
131.5.0,Mossa
132.14.0,Skaudalsvassdraget
133.7.0,Nordelva
133.9.0,Nordelva
134.1.0,Teksdalselva
134.2.0,Teksdalselva
134.3.0,Teksdalselva
138.1.0,Årgårdsvassdraget
138.16.0,Bogna
138.3.0,Bogna
139.13.0,Bjøra/Namsen
139.15.0,Namsen
139.17.0,Namsen
139.20.0,Store bjørnhusdalelva/Namsen
139.25.0,Sanddøla/Namsen
139.26.0,Luru/Sanddøla/Namsen
139.28.0,Tunnsjøelva/Namsen
139.31.0,Namsen
139.32.0,Namsen
139.34.0,Namsen
139.35.0,Sanddøla/Namsen
139.36.0,Tunnsjøelva/Namsen
139.37.0,Namsen
139.4.0,Namsen
139.41.5,Namsen
139.5.0,Namsen
139.8.0,Namsen
139.9.0,Tunnsjøelva/Namsen
14.10.0,Gjermåa/Leira/Nitelva/Glommavassdraget
14.11.0,Randselva/Drammensvassdraget
140.2.0,Salsvatnvassdraget
142.1.0,Nordfolda/Kongsmoelva
142.2.0,Nordfolda/Kongsmoelva
144.1.0,Åbjøra
144.4.0,Åbjøra
144.5.0,Kalvfjellelva/Åbjøra
144.8.0,Ringvasselva/Åbjøra
148.2.0,Sausvatn-vassdraget
149.1.0,Sæterelva/Lakselva
15.104.0,Numedalslågen
15.108.0,Numedalslågen
15.109.0,Numedalslågen
15.110.0,Numedalslågen
15.111.0,Numedalslågen
15.115.0,Numedalslågen
15.118.2,Sleipa/Heinelvi/Numedalslågen
15.16.0,Vrengja/Numedalslågen
15.17.0,Vrengja/Numedalslågen
15.171.0,Numedalslågen
15.171.1,Numedalslågen
15.174.0,Istreelva
15.21.0,Jondalselva/Numedalslågen
15.215.0,Numedalslågen
15.23.0,Numedalslågen
15.24.0,Høymyrelva/Numedalslågen
15.26.0,Gjuva/Numedalslågen
15.27.0,Vrengja/Numedalslågen
15.28.0,Gjuva/Numedalslågen
15.29.0,Røungelvi/Numedalslågen
15.30.0,Gjuva/Numedalslågen
15.35.0,Sleipa/Heinelvi/Numedalslågen
15.40.0,Siljanvassdraget
15.47.0,Uvdalselvi/Numedalslågen
15.49.0,Halldalsåi/Rambergåi/Numedalslågen
15.53.0,Borgåi/Numedalslågen
15.56.0,Ølmøsåi/Uvdalselvi/Numedalslågen
15.61.0,Numedalslågen
15.79.0,Numedalslågen
15.8.0,Numedalslågen
15.81.0,Numedalslågen
15.9.0,Numedalslågen
150.1.0,Alsten og Tjøtta
151.11.0,Hundåla
151.15.0,Vefsna
151.21.0,Vefsna
151.28.0,Vefsna
151.29.0,Unkerelva/Vefsna
151.3.0,Hundåla
151.32.0,Vefsna
151.35.0,Vefsna
151.37.2,Svenningdalselva/Vefsna
151.55.1,Store fiplingdalselva/Vefsna
151.65.0,Svenningdalselva/Vefsna
151.70.0,Unkerelva/Vefsna
151.73.0,Vikdalselva
152.4.0,Fusta
153.1.0,Leirelva
155.12.0,Røssåga
155.15.0,Røssåga
155.16.0,Bjerka
155.17.0,Bjerka
155.27.0,Røssåga
155.28.0,Røssåga
155.29.0,Røssåga
155.3.0,Røssåga
155.31.0,Leirskardelva/Røssåga
155.4.0,Bjerka
155.8.0,Bleikvasselva/Røssåga
156.10.0,Langvassåga/Ranavassdraget
156.13.0,Blakkåga/Raudvassåga/Langvassåga/Ranavassdraget
156.15.0,Straumdalselva
156.17.0,Virvasselva/Ranavassdraget
156.19.0,Stormdalsåga/Ranavassdraget
156.24.0,elv fra Bogvatnet/Blakkåga/Raudvassåga/Langvassåga/Ranavassdraget
156.27.0,Leiråga/Trolldalselva/Langvassåga/Ranavassdraget
156.28.0,Trolldalselva/Langvassåga/Ranavassdraget
156.30.0,Plura/Ranavassdraget
156.46.0,Tverråga/Ranavassdraget
156.49.0,Ranavassdraget
156.51.0,Dalselva
156.52.0,Ranavassdraget
156.54.0,Tverråga/Ranavassdraget
156.55.0,Ranavassdraget/Ranafjorden nord
156.56.0,Ranavassdraget
156.63.3,Litlåga/Grønfjellåga/Ranavassdraget
156.8.0,Svartisåga/Raudvassåga/Langvassåga/Ranavassdraget
157.2.0,Isvassåga/Holmelva
157.3.0,Kjerringåga
157.4.0,Flostrandvatn-vassdraget
157.6.0,Holmelva
159.12.0,Engabreelva
159.13.0,Møsbruntuvbekk 0+1/Engabreelva
159.20.0,Fykanåga
159.3.0,Engabreelva
159.34.0,Nordre Litlebrebekken 1/Engabreelva
159.5.0,Østerdalselva
16.1.0,Skiensvassdraget
16.10.0,Heddøla-hjartdøla/Skiensvassdraget
16.101.0,Vinjeåi/Vest-vassdraget/Skiensvassdraget
16.105.0,Vinjeåi/Vest-vassdraget/Skiensvassdraget
16.106.0,Førsvassåi/Vinjeåi/Vest-vassdraget/Skiensvassdraget
16.107.0,Førsvassåi/Vinjeåi/Vest-vassdraget/Skiensvassdraget
16.110.0,Bora/Vinjeåi/Vest-vassdraget/Skiensvassdraget
16.117.0,Vest-vassdraget/Skiensvassdraget
16.118.0,Manndalselvi/Bøelva/Skiensvassdraget
16.119.0,Bøelva/Skiensvassdraget
16.120.0,elv fra Ljosdalsvatnet/Dalaåi/Vest-vassdraget/Skiensvassdraget
16.121.0,Hegneåi/Morgedalsåi/Dalaåi/Vest-vassdraget/Skiensvassdraget
16.122.0,Grovåi/Bøelva/Skiensvassdraget
16.123.0,Bøelva/Skiensvassdraget
16.124.0,Dalåi/Vest-vassdraget/Skiensvassdraget
16.125.0,Bitu/Vest-vassdraget/Skiensvassdraget
16.127.0,Austbygdåi/Skiensvassdraget
16.128.0,Austbygdåi/Skiensvassdraget
16.129.0,Rukkeåi/Vest-vassdraget/Skiensvassdraget
16.130.0,Vest-vassdraget/Skiensvassdraget
16.133.0,Skiensvassdraget
16.138.0,Vest-vassdraget/Skiensvassdraget
16.140.0,Skiensvassdraget
16.142.0,Gøyst/Skiensvassdraget
16.143.0,Vae/Vinjeåi/Vest-vassdraget/Skiensvassdraget
16.144.0,Kåvsåi/Vinjeåi/Vest-vassdraget/Skiensvassdraget
16.149.0,Vinjeåi/Vest-vassdraget/Skiensvassdraget
16.15.0,Skiensvassdraget
16.150.0,Mår/Skiensvassdraget
16.154.0,Skiensvassdraget
16.155.0,Skogsåi/Heddøla-hjartdøla/Skiensvassdraget
16.156.0,Grunnåi/Bøelva/Skiensvassdraget
16.17.0,Skiensvassdraget
16.18.0,Skiensvassdraget
16.183.0,Bøelva/Skiensvassdraget
16.184.0,Vinjeåi/Vest-vassdraget/Skiensvassdraget
16.185.0,Vest-vassdraget/Skiensvassdraget
16.187.0,Vest-vassdraget/Skiensvassdraget
16.188.0,Vae/Vinjeåi/Vest-vassdraget/Skiensvassdraget
16.189.0,Grytåi/Vest-vassdraget/Skiensvassdraget
16.193.0,Hørteelva/Bøelva/Skiensvassdraget
16.194.0,Kileåi/Vest-vassdraget/Skiensvassdraget
16.195.0,Heddøla-hjartdøla/Skiensvassdraget
16.196.0,Vest-vassdraget/Skiensvassdraget
16.197.0,Vest-vassdraget/Skiensvassdraget
16.198.0,Skiensvassdraget
16.202.0,Vinjeåi/Vest-vassdraget/Skiensvassdraget
16.212.0,Vinjeåi/Vest-vassdraget/Skiensvassdraget
16.217.0,Vest-vassdraget/Skiensvassdraget
16.222.0,Bøelva/Skiensvassdraget
16.228.0,Heddøla-hjartdøla/Skiensvassdraget
16.23.0,Skiensvassdraget
16.231.10,Bøelva/Skiensvassdraget
16.231.12,Bøelva/Skiensvassdraget
16.231.4,Bøelva/Skiensvassdraget
16.231.9,Bøelva/Skiensvassdraget
16.232.1,Grosetåe/Skiensvassdraget
16.232.14,Grosetåe/Skiensvassdraget
16.233.0,Grosetåe/Skiensvassdraget
16.24.0,Mår/Skiensvassdraget
16.261.1,Tansåi/Vest-vassdraget/Skiensvassdraget
16.27.0,Gøyst/Skiensvassdraget
16.40.0,Vest-vassdraget/Skiensvassdraget
16.455.0,Mår/Skiensvassdraget
16.490.0,Rusåi/Vinjeåi/Vest-vassdraget/Skiensvassdraget
16.491.0,Bøelva/Skiensvassdraget
16.492.0,Dalaåi/Vest-vassdraget/Skiensvassdraget
16.497.0,Skiensvassdraget
16.5.0,Håkastulelva/Falkumselva/Skiensvassdraget
16.51.0,Bøelva/Skiensvassdraget
16.521.0,Skiensvassdraget
16.522.0,Skiensvassdraget
16.523.0,Skiensvassdraget
16.524.0,Skiensvassdraget
16.529.0,Vinjeåi/Vest-vassdraget/Skiensvassdraget
16.530.0,Rukkeåi/Vest-vassdraget/Skiensvassdraget
16.531.0,Vest-vassdraget/Skiensvassdraget
16.532.0,Gjuva/Skogsåi/Heddøla-hjartdøla/Skiensvassdraget
16.6.0,Vest-vassdraget/Skiensvassdraget
16.61.0,Falkumselva/Skiensvassdraget
16.62.0,Falkumselva/Skiensvassdraget
16.66.0,Grosetåe/Skiensvassdraget
16.7.0,Skiensvassdraget
16.72.0,Bora/Vinjeåi/Vest-vassdraget/Skiensvassdraget
16.75.0,Tansåi/Vest-vassdraget/Skiensvassdraget
16.78.0,Rukkeåi/Vest-vassdraget/Skiensvassdraget
16.87.0,Bonsåi/Skogsåi/Heddøla-hjartdøla/Skiensvassdraget
16.88.0,Kova/Skogsåi/Heddøla-hjartdøla/Skiensvassdraget
16.89.0,Kova/Skogsåi/Heddøla-hjartdøla/Skiensvassdraget
16.90.0,Heddøla-hjartdøla/Skiensvassdraget
16.91.0,Vangsåi/Bjordøla/Heddøla-hjartdøla/Skiensvassdraget
160.1.0,Fykanåga
160.10.0,elv fra Navervatna/Fykanåga
160.11.0,elv fra Navervatna/Fykanåga
160.14.0,bekk fra Namnlausvatnet/Fykanåga
160.7.0,Skauvollelva
160.9.0,Lysvasselva/Spilderelva
161.11.0,Beiarelva
161.13.0,Neveråga/Arstadåga/Beiarelva
161.14.0,Sokumåga/Arstadåga/Beiarelva
161.15.0,Sundfjordelva
161.16.0,Forsåga
161.17.0,Arstadåga/Beiarelva
161.18.0,Beiarelva
161.30.0,Tollåga/Beiarelva
161.31.0,Beiarelva
161.45.0,Beiarelva
161.47.0,Sundfjordelva
161.7.0,Tollåga/Beiarelva
162.3.0,Lakselva
162.8.0,Valnesforsen
163.19.0,Saltdalsvassdraget
163.23.0,Saltdalsvassdraget
163.24.0,Junkerdalselva/Saltdalsvassdraget
163.5.0,Junkerdalselva/Saltdalsvassdraget
163.6.0,Russåga/Saltdalsvassdraget
163.7.0,Kjemåga/Saltdalsvassdraget
164.10.0,Sulitjelmavassdraget
164.12.0,Sulitjelmavassdraget
164.18.0,Låmielva/Sulitjelmavassdraget
164.28.0,Sulitjelmavassdraget
164.38.0,Sulitjelmavassdraget/Skjerstadfjorden nord
164.4.0,Sulitjelmavassdraget
164.6.0,Sulitjelmavassdraget
164.7.0,Risvasselva/Sulitjelmavassdraget
165.11.0,Kyst Saltstraumen-Bodø-Tårnvikfjellet
165.13.0,elv i Strandvassbotn
165.2.0,Vatnvassdraget
165.6.0,elv i Strandvassbotn
165.9.0,Kyst Saltstraumen-Bodø-Tårnvikfjellet
166.1.0,Laksåga
166.13.0,Lakselva
166.15.0,Laksåga
166.16.0,Laksåga
166.17.3,Lakselva
166.21.0,Fuglevasselva/Sleipdalselva/Laksåga
166.22.0,Laksåga
166.26.0,Laksåga
166.6.0,Fagerbakkvassdraget
167.10.0,Livssejohka/Kobbelvvassdraget
167.11.0,Kobbelvvassdraget
167.12.0,Veikdalselva/Kobbelvvassdraget
167.13.0,elv fra Varrevaikaja/Veikdalselva/Kobbelvvassdraget
167.14.0,Sørfjordelva
167.3.0,Kobbelvvassdraget
167.34.0,Kobbelvvassdraget
167.35.0,Kobbelvvassdraget
167.39.0,Kobbelvvassdraget
167.9.0,Livssejohka/Kobbelvvassdraget
168.1.0,Lommerelva
168.2.0,Marsvikelva
168.3.0,Lakså
17.10.0,Kragerøvassdraget
17.13.0,Kragerøvassdraget
170.10.0,Hellandselva/Varpelva
170.11.0,Hellandselva/Varpelva
170.3.0,Falkelva/Sagelvvassdraget
170.4.0,Sagelvvassdraget
170.5.0,Skjevågelva
171.1.0,Brynelva/Botnelva
171.12.0,Botnelva
171.7.0,Draugelva/Hellemovassdraget
172.5.0,Sørelva
172.6.0,Hjertevasselva/Sørelva
172.7.0,Leirpollelva
172.8.0,Sørelva
173.12.0,Skjomavassdraget
173.13.0,Kjøriselva/Skjomavassdraget
173.14.0,Losielva/Nordelva/Skjomavassdraget
173.15.0,elv fra Iptovatnet/Skjomavassdraget
173.16.0,Storelva
173.22.0,Skjomavassdraget
173.24.0,Skjomavassdraget
173.28.1,Skjomavassdraget
173.8.0,Coarvvejokka/Skjomavassdraget
174.11.0,Taraldsvikelva
174.14.0,Indre sildvikelva
174.15.0,Åselva/Storelva
174.16.0,elv fra Høgvatnet/Storelva
174.17.0,elv fra Høgvatnet/Storelva
174.18.0,Storelva
174.19.0,elv fra Skitdalsvatnet/Storelva
174.3.0,Håkvikelva
174.37.0,Tverrdalselva/Lakselva (beisfjord)
174.38.0,Lakselva (beisfjord)
174.39.0,Lakselva (beisfjord)
174.4.0,Håkvikelva
174.40.0,Lakselva (beisfjord)
174.41.0,Håkvikelva
174.42.0,Håkvikelva
174.44.0,Håkvikelva
175.1.0,elv fra Strandvatnet
175.2.0,elv fra Strandvatnet
176.2.0,Mølnelva
177.4.0,Sneiselva
178.1.0,Langvasselva
178.12.1,Vestre Hinnøya
179.6.0,Vågan kommune
18.10.0,Gjerstadvassdraget
18.11.0,Gjerstadvassdraget
18.13.0,Vegårsvassdraget
18.4.0,Vegårsvassdraget
18.5.0,Vegårsvassdraget og Gjerstadvassdraget/kyst Kragerø-Tromøya
180.1.0,elv fra Farstadvatnet
185.1.0,Ringstadelva
185.2.3,Riseelva
186.2.0,Åelva
189.1.0,Skoddebergvassdraget
189.3.0,Tennevikelva
19.100.0,Arendalsvassdraget
19.103.0,Frostdøl/Arendalsvassdraget
19.104.0,Songedalsåi/Fyresdalsåna/Arendalsvassdraget
19.105.0,Arendalsvassdraget
19.106.0,Bondøl/Fyresdalsåna/Arendalsvassdraget
19.107.0,Lilleelva/Arendalsvassdraget
19.127.0,Arendalsvassdraget
19.136.0,Fyresdalsåna/Arendalsvassdraget
19.137.0,Arendalsvassdraget
19.144.0,Stigvasselva/Arendalsvassdraget
19.144.9,Stigvasselva/Arendalsvassdraget
19.250.0,Landvikelva
19.3.0,Fyresdalsåna/Arendalsvassdraget
19.38.0,Arendalsvassdraget
19.5.0,Gjøv/Arendalsvassdraget
19.58.0,Arendalsvassdraget
19.61.0,Tovsliåni/Gjøv/Arendalsvassdraget
19.62.0,Arendalsvassdraget
19.7.0,Fyresdalsåna/Arendalsvassdraget
19.73.0,Kilåi/Fyresdalsåna/Arendalsvassdraget
19.78.0,Grytåi/Frostdøl/Arendalsvassdraget
19.79.0,Fyresdalsåna/Arendalsvassdraget
19.80.0,Stigvasselva/Arendalsvassdraget
19.81.0,Arendalsvassdraget
19.82.0,Arendalsvassdraget
19.83.0,Gjuvåni/Songedalsåi/Fyresdalsåna/Arendalsvassdraget
19.85.0,Borstadåi/Arendalsvassdraget
19.86.0,Bondøl/Fyresdalsåna/Arendalsvassdraget
19.87.0,Fyresdalsåna/Arendalsvassdraget
19.88.0,Gausåni/Fyresdalsåna/Arendalsvassdraget
19.96.0,Heimdøl/Arendalsvassdraget
19.98.0,Arendalsvassdraget
19.99.0,Arendalsvassdraget
191.2.0,Salangselva
191.3.0,Salangselva
194.1.0,Lyselva
194.2.0,Lyselva
194.3.0,Lyselva
194.4.0,Lakselva fra Trollbuvatnet
196.11.0,Målselvvassdraget
196.12.0,Sørdalselva/Barduelva/Målselvvassdraget
196.20.0,Barduelva/Målselvvassdraget
196.21.0,Divielva/Målselvvassdraget
196.22.0,Devdiselva/Divielva/Målselvvassdraget
196.24.0,Barduelva/Målselvvassdraget
196.26.0,Divielva/Målselvvassdraget
196.29.0,Barduelva/Målselvvassdraget
196.35.0,Målselvvassdraget
196.36.0,Barduelva/Målselvvassdraget
196.39.0,Divielva/Målselvvassdraget
196.43.0,Målselvvassdraget
196.44.0,Barduelva/Målselvvassdraget
196.45.0,Barduelva/Målselvvassdraget
196.47.2,Fjellfrøselva/Målselvvassdraget
196.7.0,Lakselva (aursfjorden)
197.10.0,Ersfjordelva
197.11.1,Tromsdalselva
197.12.0,Kvaløya og Tromsøya
197.13.0,Storelva
1977.1.1,
1977.1.4,
1977.1.5,
1977.2.1,
1977.2.2,
198.73.0,Tømmerelva
2.1.0,Vesleflisa/Flisa/Glommavassdraget
2.100.1,Glommavassdraget
2.101.0,Vorma-Lågen/Glommavassdraget
2.1036.0,Lekumelva/Glommavassdraget
2.1049.0,Otta/Vorma-Lågen/Glommavassdraget
2.1050.0,Otta/Vorma-Lågen/Glommavassdraget
2.1051.0,Otta/Vorma-Lågen/Glommavassdraget
2.1087.0,Glommavassdraget
2.1088.0,Glommavassdraget
2.1093.0,Vinstra/Vorma-Lågen/Glommavassdraget
2.1094.0,Hinøgla/Vinstra/Vorma-Lågen/Glommavassdraget
2.1095.0,Hinøgla/Vinstra/Vorma-Lågen/Glommavassdraget
2.1096.0,Hinøgla/Vinstra/Vorma-Lågen/Glommavassdraget
2.11.0,Nøra/Glommavassdraget
2.1119.0,Glommavassdraget
2.112.0,Glommavassdraget
2.113.0,Glommavassdraget
2.1131.1,Vorma-Lågen/Glommavassdraget
2.1131.2,Vorma-Lågen/Glommavassdraget
2.1133.1,Vorma-Lågen/Glommavassdraget
2.1133.2,Vorma-Lågen/Glommavassdraget
2.1133.3,Vorma-Lågen/Glommavassdraget
2.1134.1,Vorma-Lågen/Glommavassdraget
2.1136.2,Otta/Vorma-Lågen/Glommavassdraget
2.1142.1,Otta/Vorma-Lågen/Glommavassdraget
2.1151.0,Frya/Vorma-Lågen/Glommavassdraget
2.1153.1,Tromsa/Vorma-Lågen/Glommavassdraget
2.1154.1,Veikleåa/Vorma-Lågen/Glommavassdraget
2.1155.1,Våla/Vorma-Lågen/Glommavassdraget
2.1185.0,Sagelva-Fjellhammarelva/Nitelva/Glommavassdraget
2.1191.0,Sula/Vorma-Lågen/Glommavassdraget
2.1197.0,Sagelva-Fjellhammarelva/Nitelva/Glommavassdraget
2.1198.0,Atna/Glommavassdraget
2.1207.0,Sagelva-Fjellhammarelva/Nitelva/Glommavassdraget
2.1208.0,Sagelva-Fjellhammarelva/Nitelva/Glommavassdraget
2.1209.0,Sagelva-Fjellhammarelva/Nitelva/Glommavassdraget
2.121.0,Vingersnoret/Glommavassdraget
2.1210.0,Sagelva-Fjellhammarelva/Nitelva/Glommavassdraget
2.1211.0,Sagelva-Fjellhammarelva/Nitelva/Glommavassdraget
2.1212.0,Losbyelva/Sagelva-Fjellhammarelva/Nitelva/Glommavassdraget
2.1213.0,Losbyelva/Sagelva-Fjellhammarelva/Nitelva/Glommavassdraget
2.122.0,Glommavassdraget
2.1225.0,Vorma-Lågen/Glommavassdraget
2.1226.0,Oppstadåa/Glommavassdraget
2.1227.0,Kampåa/Ua/Glommavassdraget
2.1228.0,Seutelva
2.1230.1,Otta/Vorma-Lågen/Glommavassdraget
2.1230.2,Otta/Vorma-Lågen/Glommavassdraget
2.1230.3,Otta/Vorma-Lågen/Glommavassdraget
2.1231.0,Otta/Vorma-Lågen/Glommavassdraget
2.1232.0,Otta/Vorma-Lågen/Glommavassdraget
2.1235.0,Vorma-Lågen/Glommavassdraget
2.1236.0,Isoa/Glommavassdraget
2.1237.0,Otta/Vorma-Lågen/Glommavassdraget
2.1238.0,Vorma-Lågen/Glommavassdraget
2.1239.0,Vorma-Lågen/Glommavassdraget
2.1240.5,Vorma-Lågen/Glommavassdraget
2.1243.0,Glommavassdraget
2.1244.0,Glommavassdraget
2.125.0,Glommavassdraget
2.129.0,Folla/Glommavassdraget
2.13.0,Sjoa/Vorma-Lågen/Glommavassdraget
2.132.0,Rena/Glommavassdraget
2.138.0,Osa/Rena/Glommavassdraget
2.14.0,Rena/Glommavassdraget
2.142.0,Flisa/Glommavassdraget
2.145.0,Vorma-Lågen/Glommavassdraget
2.15.0,Otta/Vorma-Lågen/Glommavassdraget
2.164.0,Vinstra/Vorma-Lågen/Glommavassdraget
2.167.0,Vinstra/Vorma-Lågen/Glommavassdraget
2.17.0,Glommavassdraget
2.172.0,Vinstra/Vorma-Lågen/Glommavassdraget
2.197.0,Vorma-Lågen/Glommavassdraget
2.198.0,Tyria/Mesna/Vorma-Lågen/Glommavassdraget
2.199.0,Mesna/Vorma-Lågen/Glommavassdraget
2.200.0,Tyria/Mesna/Vorma-Lågen/Glommavassdraget
2.201.0,Tyria/Mesna/Vorma-Lågen/Glommavassdraget
2.202.0,Tyria/Mesna/Vorma-Lågen/Glommavassdraget
2.203.0,Mesna/Vorma-Lågen/Glommavassdraget
2.205.0,Mesna/Vorma-Lågen/Glommavassdraget
2.210.0,elv fra Skjelbreida/Hunnselva/Vorma-Lågen/Glommavassdraget
2.212.0,Hunnselva/Vorma-Lågen/Glommavassdraget
2.224.0,Vorma-Lågen/Glommavassdraget
2.227.0,Glommavassdraget
2.235.0,Folla/Glommavassdraget
2.236.0,Otta/Vorma-Lågen/Glommavassdraget
2.237.0,Framrusti/Otta/Vorma-Lågen/Glommavassdraget
2.239.0,Vesjøbekken/Moksa/Vorma-Lågen/Glommavassdraget
2.240.0,Moksa/Vorma-Lågen/Glommavassdraget
2.241.0,Goppollåa/Moksa/Vorma-Lågen/Glommavassdraget
2.242.0,Moksa/Vorma-Lågen/Glommavassdraget
2.245.0,Rauda/Vesleelva/Gausa/Vorma-Lågen/Glommavassdraget
2.248.0,Vinstra/Vorma-Lågen/Glommavassdraget
2.25.0,Otta/Vorma-Lågen/Glommavassdraget
2.252.0,Leira/Bøvri/Otta/Vorma-Lågen/Glommavassdraget
2.255.0,Vinstra/Vorma-Lågen/Glommavassdraget
2.257.0,Hinøgla/Vinstra/Vorma-Lågen/Glommavassdraget
2.260.0,Hølsa/Vinstra/Vorma-Lågen/Glommavassdraget
2.265.0,Rena/Glommavassdraget
2.267.0,Mistra/Rena/Glommavassdraget
2.268.0,Bøvri/Otta/Vorma-Lågen/Glommavassdraget
2.269.0,Glommavassdraget
2.275.0,Ostri/Otta/Vorma-Lågen/Glommavassdraget
2.279.0,Leira/Nitelva/Glommavassdraget
2.28.0,Gausa/Vorma-Lågen/Glommavassdraget
2.280.0,Leira/Nitelva/Glommavassdraget
2.282.0,Aura/Otta/Vorma-Lågen/Glommavassdraget
2.283.0,Otta/Vorma-Lågen/Glommavassdraget
2.284.0,Finna/Otta/Vorma-Lågen/Glommavassdraget
2.290.0,Bøvri/Otta/Vorma-Lågen/Glommavassdraget
2.291.0,Tora/Otta/Vorma-Lågen/Glommavassdraget
2.30.0,Glommavassdraget
2.303.0,Jora/Vorma-Lågen/Glommavassdraget
2.32.0,Atna/Glommavassdraget
2.323.0,Fura/Svartelvvassdraget/Vorma-Lågen/Glommavassdraget
2.326.0,Andelva/Vorma-Lågen/Glommavassdraget
2.342.0,Einunna/Folla/Glommavassdraget
2.344.0,Rena/Glommavassdraget
2.346.0,Vorma-Lågen/Glommavassdraget
2.347.0,Glommavassdraget
2.349.0,Glommavassdraget
2.36.0,Hinøgla/Vinstra/Vorma-Lågen/Glommavassdraget
2.373.0,Grimsa/Folla/Glommavassdraget
2.377.0,Einunna/Folla/Glommavassdraget
2.378.0,Hinøgla/Vinstra/Vorma-Lågen/Glommavassdraget
2.379.0,Sivilla/Glommavassdraget
2.39.0,Sjoa/Vorma-Lågen/Glommavassdraget
2.393.0,Glommavassdraget
2.395.0,Elgsjøbekken/Einunna/Folla/Glommavassdraget
2.397.0,Mela/Einunna/Folla/Glommavassdraget
2.402.0,Roppa/Gausa/Vorma-Lågen/Glommavassdraget
2.404.0,Roppa/Gausa/Vorma-Lågen/Glommavassdraget
2.410.0,Glommavassdraget
2.412.0,Glommavassdraget
2.415.0,Espa/Vinstra/Vorma-Lågen/Glommavassdraget
2.416.0,Otta/Vorma-Lågen/Glommavassdraget
2.43.0,Glommavassdraget
2.434.0,Otta/Vorma-Lågen/Glommavassdraget
2.439.0,Åsta/Glommavassdraget
2.440.0,Vulu/Otta/Vorma-Lågen/Glommavassdraget
2.441.0,Glommavassdraget
2.442.0,Glommavassdraget
2.443.0,Glommavassdraget
2.444.0,Glommavassdraget
2.447.0,Rena/Glommavassdraget
2.451.0,Osa/Rena/Glommavassdraget
2.460.0,Vorma-Lågen/Glommavassdraget
2.461.0,Nitelva/Glommavassdraget
2.463.0,Vismunda/Vorma-Lågen/Glommavassdraget
2.464.0,Svartelvvassdraget/Vorma-Lågen/Glommavassdraget
2.468.0,Nordre bjøråa/Glommavassdraget
2.470.0,Oppstadåa/Glommavassdraget
2.471.0,Glommavassdraget
2.479.0,Atna/Glommavassdraget
2.481.0,Jora/Vorma-Lågen/Glommavassdraget
2.51.0,Vorma-Lågen/Glommavassdraget
2.52.0,Vorma-Lågen/Glommavassdraget
2.578.0,Imsa/Glommavassdraget
2.587.0,Glommavassdraget
2.592.0,Folla/Glommavassdraget
2.595.0,Sjoa/Vorma-Lågen/Glommavassdraget
2.60.0,Glommavassdraget
2.604.0,Glommavassdraget
2.605.0,Glommavassdraget
2.607.0,Folla/Glommavassdraget
2.61.0,Orva/Glommavassdraget
2.611.0,Rena/Glommavassdraget
2.614.0,Vorma-Lågen/Glommavassdraget
2.616.0,Kugga/Oppstadåa/Glommavassdraget
2.626.0,Tunna/Glommavassdraget
2.632.0,Otta/Vorma-Lågen/Glommavassdraget
2.633.0,Rakkestadelva/Glommavassdraget
2.634.0,Lenaelva/Vorma-Lågen/Glommavassdraget
2.636.0,Glommavassdraget
2.639.0,Glommavassdraget
2.643.0,Vorma-Lågen/Glommavassdraget
2.645.0,Vorma-Lågen/Glommavassdraget
2.647.0,Vorma-Lågen/Glommavassdraget
2.650.0,Vorma-Lågen/Glommavassdraget
2.651.0,Vorma-Lågen/Glommavassdraget
2.653.0,Vorma-Lågen/Glommavassdraget
2.654.0,Vorma-Lågen/Glommavassdraget
2.656.0,Vorma-Lågen/Glommavassdraget
2.658.0,Vorma-Lågen/Glommavassdraget
2.659.0,Vorma-Lågen/Glommavassdraget
2.660.0,Hinøgla/Vinstra/Vorma-Lågen/Glommavassdraget
2.661.0,Sjoa/Vorma-Lågen/Glommavassdraget
2.666.0,Otta/Vorma-Lågen/Glommavassdraget
2.668.0,Tessa/Otta/Vorma-Lågen/Glommavassdraget
2.67.0,Visterflo/Glommavassdraget
2.674.0,Otta/Vorma-Lågen/Glommavassdraget
2.677.0,Bøvri/Otta/Vorma-Lågen/Glommavassdraget
2.678.0,Otta/Vorma-Lågen/Glommavassdraget
2.68.0,Glommavassdraget
2.683.0,Otta/Vorma-Lågen/Glommavassdraget
2.685.0,Otta/Vorma-Lågen/Glommavassdraget
2.686.0,Rena/Glommavassdraget
2.687.0,Rena/Glommavassdraget
2.688.0,Rena/Glommavassdraget
2.692.0,Rena/Glommavassdraget
2.70.0,Andelva/Vorma-Lågen/Glommavassdraget
2.700.0,Atna/Glommavassdraget
2.704.0,Atna/Glommavassdraget
2.706.0,Atna/Glommavassdraget
2.713.1,Leira/Nitelva/Glommavassdraget
2.713.3,Rømua/Glommavassdraget
2.713.9,Andelva/Vorma-Lågen/Glommavassdraget
2.714.1,Vorma-Lågen/Glommavassdraget
2.715.2,Åsta/Glommavassdraget
2.716.2,Osa/Rena/Glommavassdraget
2.716.5,Osa/Rena/Glommavassdraget
2.716.6,Tverrena/Ena/Osa/Rena/Glommavassdraget
2.717.4,Fura/Svartelvvassdraget/Vorma-Lågen/Glommavassdraget
2.718.2,Kvernåi/Vorma-Lågen/Glommavassdraget
2.719.2,Vinstra/Vorma-Lågen/Glommavassdraget
2.72.0,Vaula/Borga/Glommavassdraget
2.720.2,Espa/Vinstra/Vorma-Lågen/Glommavassdraget
2.720.6,Espa/Vinstra/Vorma-Lågen/Glommavassdraget
2.721.1,Vinstra/Vorma-Lågen/Glommavassdraget
2.722.1,Hinøgla/Vinstra/Vorma-Lågen/Glommavassdraget
2.723.1,Einunna/Folla/Glommavassdraget
2.723.4,Einunna/Folla/Glommavassdraget
2.724.9,Glommavassdraget
2.725.1,Glommavassdraget
2.727.0,Vorma-Lågen/Glommavassdraget
2.728.1,Glommavassdraget
2.74.0,Leirungsåi/Sjoa/Vorma-Lågen/Glommavassdraget
2.75.0,Glommavassdraget
2.79.0,Tessa/Otta/Vorma-Lågen/Glommavassdraget
2.8.0,Skumsjøelva/Hunnselva/Vorma-Lågen/Glommavassdraget
2.82.0,Osa/Rena/Glommavassdraget
2.84.0,Einunna/Folla/Glommavassdraget
2.847.0,Vorma-Lågen/Glommavassdraget
2.952.0,Moelva/Vorma-Lågen/Glommavassdraget
2.967.0,Tysla/Rena/Glommavassdraget
2.995.0,Måråi/Otta/Vorma-Lågen/Glommavassdraget
2.996.0,Otta/Vorma-Lågen/Glommavassdraget
2.997.0,Otta/Vorma-Lågen/Glommavassdraget
2.998.3,Glommavassdraget/Hvaler og Singlefjorden
20.10.0,Vatndalselva/Uldalsåna/Tovdalsvassdraget
20.11.0,Tovdalsvassdraget
20.2.0,Tovdalsvassdraget
20.22.0,Flatelandsåna/Uldalsåna/Tovdalsvassdraget
20.23.0,Uldalsåna/Tovdalsvassdraget
20.24.0,Engelsåna/Uldalsåna/Tovdalsvassdraget
20.25.0,Uldalsåna/Tovdalsvassdraget
20.29.0,Tovdalsvassdraget
20.3.0,Tovdalsvassdraget
20.34.4,Moelva
20.8.0,Flatelandsåna/Uldalsåna/Tovdalsvassdraget
200.4.0,Skogsfjordelva
203.2.0,Jægerelva
204.2.0,Signaldalelva
204.82.0,Bergselva
205.3.0,Skibotnvassdraget
205.6.0,Did'nujåkka/Skibotnvassdraget
205.7.0,Riep'pejåkka/Skibotnvassdraget
205.8.0,Skibotnvassdraget
206.10.1,Manndalselva
206.11.0,Kåfjordvassdraget
206.2.0,Kåfjordvassdraget
206.3.0,Manndalselva
206.4.0,Kåfjordvassdraget
208.2.0,Fiskelva
208.3.0,Reisavassdraget
209.3.0,Kvænangsvassdraget
209.4.0,Navitelva
209.5.0,Abojohka
209.6.0,Corrojohka/Abojohka
209.7.0,Corrojohka/Abojohka
209.8.0,Njemenjaikujåkka
209.9.1,Kvænangsvassdraget/Kvænangen sør
21.11.0,Otra
21.114.0,Skargjesåni/Bossvassåi/Otra
21.127.0,Otra
21.15.0,Otra
21.19.0,Førsvassåni/Otra
21.20.0,Otra
21.23.0,Otra
21.27.0,Løyningsåni/Otra
21.29.0,Bossvassåi/Otra
21.33.0,Longerakåni/Otra
21.34.0,Otra
21.35.0,Otra
21.36.0,Skjerka/Dåselva/Otra
21.37.0,Hovassåni/Otra
21.39.0,Løyningsåni/Otra
21.40.0,Uraåni/Løyningsåni/Otra
21.41.0,Uraåni/Løyningsåni/Otra
21.42.0,Kaldsåi/Otra
21.46.0,Reinevassåni/Skargjesåni/Bossvassåi/Otra
21.47.0,Lislefjøddåi/Otra
21.48.0,Otra
21.49.0,Tovdalsvassdraget/Lillesand kommune
21.52.0,Otra
21.53.0,Otra
21.54.0,Otra
21.56.0,Bossvassåi/Otra
21.62.0,Otra
21.69.0,Otra
21.74.0,Otra
21.75.0,Otra
21.76.0,Otra
21.77.0,Otra
21.79.0,Otra
21.80.1,Otra
21.81.3,Lislefjøddåi/Otra
211.2.0,Langfjordelva
211.3.0,Langfjordelva
211.7.0,Storelva/Kvænangen nord
211.8.0,Kovelva
212.10.0,Altavassdraget
212.11.0,Altavassdraget
212.18.0,Altavassdraget
212.23.0,Suoppatjohka/Altavassdraget
212.26.0,Suoppatjohka/Altavassdraget
212.27.0,Eibyelva/Altavassdraget
212.44.0,Altavassdraget
212.47.0,Altavassdraget
212.48.0,Tverrelva
212.49.0,Halselva
212.62.0,Halselva
212.63.0,Altavassdraget
212.65.0,Altavassdraget
212.66.0,Altavassdraget
212.68.0,Altavassdraget
212.69.0,Cabardasjåkka/Altavassdraget
212.74.0,Altavassdraget
212.77.0,Altavassdraget
212.80.0,Eibyelva/Altavassdraget
212.98.0,Altavassdraget
213.18.0,Repparfjordvassdraget
213.2.0,Leirbotnelva (lakselva)
213.4.0,Kvalsundelva
213.7.0,Leirbotnelva (lakselva)
22.13.0,Skjerka/Mandalselva
22.16.0,Kosåna/Mandalselva
22.17.0,Uvdalsåni/Skjerka/Mandalselva
22.18.0,Ljosåni/Mandalselva
22.19.0,Mandalselva
22.2.0,Mandalselva
22.20.0,Mandalselva
22.21.0,Logna/Mandalselva
22.22.0,Søgneelva
22.23.0,Mandalselva
22.24.0,Logna/Mandalselva
22.25.0,bekk fra Mjåvatnet/Mandalselva
22.29.0,Kosåna/Mandalselva
22.32.0,Mandalselva
22.33.0,Mandalselva
22.4.0,Mandalselva
22.56.0,Logna/Mandalselva
22.7.0,Skjerka/Mandalselva
22.8.0,Grytå/Mandalselva
22.9.0,Mandalselva
221.1.0,Magerøya
223.2.0,Stabburselva
224.1.0,Lakselvvassdraget
224.2.0,Lakselvvassdraget
224.3.0,Lakselvvassdraget
224.5.1,Brennelva
224.5.2,Brennelva
224.6.0,Lakselvvassdraget
229.3.0,Friarfjordelva
229.5.0,Adamselvvassdraget
23.1.0,Trylandselva/Audna
23.13.0,Trylandselva/Audna
23.14.0,Audna
23.15.0,Audna
23.16.0,Audna
23.17.1,Audna/kyst Mandal by-Lindesnes
23.17.3,Audna/kyst Mandal by-Lindesnes
23.17.4,Audna/kyst Mandal by-Lindesnes
23.2.0,Trylandselva/Audna
23.22.0,Audna
23.23.0,Trædalselva/Audna
23.24.0,Trædalselva/Audna
23.3.0,Lelandsvatnelva/Trylandselva/Audna
23.4.0,Trylandselva/Audna
23.8.0,Audna
230.1.0,Ytre Laksefjorden øst
234.10.0,Karasjåkka/Tana
234.13.0,Iesjåkka/Karasjåkka/Tana
234.14.0,Cærrugæsjåkka/Iesjåkka/Karasjåkka/Tana
234.18.0,Tana
234.19.0,Tana
234.21.0,Karasjåkka/Tana
234.26.1,Tana
234.26.2,Tana
234.26.4,Tana
234.29.1,Har'rejåkka/Tana
234.30.1,Tana/Tanafjorden sør
234.33.0,Tana
236.6.0,Kongsfjordvassdraget
236.7.0,Kongsfjordvassdraget
236.8.0,Kongsfjordvassdraget
237.1.0,Storelva
24.5.0,Lygna
24.8.0,Møska/Lygna
24.9.0,Lygna
240.3.0,Vestre Jakobselv
244.2.0,Neidenvassdraget
244.3.0,Neidenvassdraget
244.5.0,Gærretjåkka/Gallotjohka/Neidenvassdraget
246.11.0,Pasvikelva
246.14.0,Pasvikelva
246.5.0,Pasvikelva
246.9.0,Sametielva/Pasvikelva
247.3.0,Karpelva
25.13.0,Fedaelva
25.21.0,Kvina
25.22.0,Kvina
25.23.0,Kvina
25.24.0,Kvina
25.26.0,Kvina
25.32.0,Knabeåni/Kvina
25.35.0,Kvina
25.51.0,Litleåni/Kvina
25.7.0,Fedaelva
25.87.1,Litleåni/Kvina
25.87.2,Litleåni/Kvina
25.87.3,Kvina
26.1.0,Hauklandsbekken/Moisåni/Sira
26.11.0,elv fra Heigravatnet/Rosslandsåa/Sokno
26.13.0,Hauklandsbekken/Moisåni/Sira
26.14.0,Rosslandsåa/Sokno
26.17.0,Sira
26.2.0,Brekkebekken/Moisåni/Sira
26.20.0,Moisåni/Sira
26.21.0,Espetveitåni/Sira
26.22.0,Deg/Sira
26.23.0,Gravassåni/Sira
26.24.0,Ausdalsåni/Sira
26.26.0,Jogla/Sira
26.28.0,Sira
26.29.0,Litla-mydlandsåna/Sokno
26.31.0,Sira
26.33.0,Brekkebekken/Moisåni/Sira
26.34.0,Finsåni/Sira
26.35.0,Finsåni/Sira
26.36.0,Finsåni/Sira
26.37.0,Bjørnestadbekken/Finsåni/Sira
26.38.0,Lindåni/Sira
26.43.0,Sira
26.44.0,Sira
26.46.0,Sira
26.47.0,Sira
26.51.0,Sira
26.52.0,Sokno
26.53.0,Litla-mydlandsåna/Sokno
26.64.0,Sira og Sokna/kyst Hidra-Sokndal
26.92.0,Sokno
27.15.0,Austrumdalsåna/Bjerkreimvassdraget
27.16.0,Oreåna/Bjerkreimvassdraget
27.19.0,Tekseåni/Hellelandselva
27.20.0,Hellelandselva
27.23.0,Tekseåni/Hellelandselva
27.24.0,Hellelandselva
27.25.0,Bjerkreimvassdraget
27.26.0,Ognaåni
27.28.0,Hellelandselva
27.29.0,Bjerkreimvassdraget
27.32.0,Grødeimelva
27.33.0,Grødeimelva
27.34.0,Grødeimelva
27.35.0,Grødeimelva
27.37.0,Grødeimelva
27.38.0,Rangåa/Grødeimelva
27.40.0,Hellelandselva
27.42.0,Hellelandselva
27.5.0,Eigelandselva/Fuglestadåna
27.52.0,Bjerkreimvassdraget
27.9.0,elv fra Stølsvatnet/Bjerkreimvassdraget
28.11.0,Orreåna
28.12.0,Figgjo
28.13.0,Figgjo
28.14.2,Figgjo/Jæren
28.7.0,Hååna
29.10.0,Storåna
29.11.0,Storåna
29.17.0,Stavanger og Sandnes kommuner
29.18.0,Stavanger og Sandnes kommuner
29.19.0,Storåna
29.4.0,Stavanger og Sandnes kommuner
29.7.0,Stavanger og Sandnes kommuner
3.22.0,Mossevassdraget
3.23.0,Mossevassdraget
3.8.0,Mossevassdraget
30.8.0,Dirdalsåna
303.2.0,Siddisjaurevassdraget/Vietasätno/Luleälven
303.3.0,Siddisjaurevassdraget/Vietasätno/Luleälven
307.10.0,Linvasselva/Faxälven
307.3.0,Linvasselva/Faxälven
307.5.0,Muruelva/Faxälven
307.7.0,Linvasselva/Faxälven
308.1.0,Holdelva/Hårkan
31.10.0,Tjodanåna/Lysevassdraget
31.39.0,Lysevassdraget/Lysefjorden
31.6.0,Tjodanåna/Lysevassdraget
31.8.0,Låterviksbekken
311.18.0,Engera/Trysilelva
311.21.0,Trysilelva
311.26.0,Trysilelva
311.4.0,Trysilelva
311.460.0,Engera/Trysilelva
311.461.0,Trysilelva
311.473.0,Trysilelva
311.6.0,Trysilelva
312.2.0,Röjdan-Løvhaugsåa/Norsälven
312.4.0,Röjdan-Løvhaugsåa/Norsälven
312.5.0,Röjdan-Løvhaugsåa/Norsälven
313.1.0,Vaggeälven-brødbølvassdraget/Byälven-mangenvassdraget
313.10.0,Vrangselva/Byälven-mangenvassdraget
313.12.7,Vrangselva/Byälven-mangenvassdraget
313.5.0,Vaggeälven-brødbølvassdraget/Byälven-mangenvassdraget
313.7.0,Vikeråa/Vaggeälven-brødbølvassdraget/Byälven-mangenvassdraget
313.8.0,Vaggeälven-brødbølvassdraget/Byälven-mangenvassdraget
32.6.0,Jørpelandsåna
32.7.0,Jørpelandsåna
33.12.0,Årdalselva
33.4.0,Årdalselva
33.48.0,Bjørndalselva/Tusso/Årdalselva
33.5.0,Årdalselva
33.6.0,Lyngsåna/Årdalselva
33.8.0,Årdalselva
33.9.0,Årdalselva
35.10.0,Kvennåna/Ulla
35.11.0,Oddeåna/Ulla
35.12.0,Førreelva
35.14.0,Søråna/Førreelva
35.15.0,Flottåna/Ulla
35.16.0,Vormo
35.2.0,Ulla
35.9.0,Kvennåna/Ulla
36.105.0,Suldalsvassdraget
36.120.0,Roaldkvamsåna/Suldalsvassdraget
36.13.0,Lingvangelva
36.14.0,Suldalsvassdraget
36.15.0,Suldalsvassdraget
36.16.0,Stølsåna/Suldalsvassdraget
36.17.0,Stølsåna/Suldalsvassdraget
36.18.0,Kaldevasselva/Suldalsvassdraget
36.20.0,Stølsåna/Suldalsvassdraget
36.21.0,Kaldevasselva/Suldalsvassdraget
36.22.0,Risbuelva/Suldalsvassdraget
36.23.0,Risbuelva/Suldalsvassdraget
36.24.0,Kvesso/Suldalsvassdraget
36.25.0,Bleskestadåna/Roaldkvamsåna/Suldalsvassdraget
36.26.0,Isåa/Roaldkvamsåna/Suldalsvassdraget
36.27.0,Bleskestadåna/Roaldkvamsåna/Suldalsvassdraget
36.30.0,Kvilldalsåna/Suldalsvassdraget
36.31.0,Kvilldalsåna/Suldalsvassdraget
36.34.0,Suldalsvassdraget
36.50.0,Mosåna/Suldalsvassdraget
36.51.0,Suldalsvassdraget
36.52.0,Roaldkvamsåna/Suldalsvassdraget
36.6.0,Suldalsvassdraget
36.60.0,Suldalsvassdraget
36.61.0,Suldalsvassdraget
36.63.0,Suldalsvassdraget/Sandsfjorden sør og Hylsfjorden
36.64.0,Suldalsvassdraget
36.9.0,Middalselva/Suldalsvassdraget
37.1.0,Saudavassdraget
37.10.0,Dalsvatnelva/Saudavassdraget
37.12.0,Berdalselva/Saudavassdraget
37.13.0,Berdalselva/Saudavassdraget
37.14.0,Saudavassdraget
37.15.0,Tverrelva/Saudavassdraget
37.16.0,Åbøelva
37.17.0,Finnflotvatnelva/Dalsvatnelva/Saudavassdraget
37.18.0,Dalsvatnelva/Saudavassdraget
37.2.0,Dalsvatnelva/Saudavassdraget
37.27.0,Elgjuvsåna/Saudavassdraget
37.3.0,Dalsvatnelva/Saudavassdraget
37.4.0,Dalsvatnelva/Saudavassdraget
37.5.0,Finnflotvatnelva/Dalsvatnelva/Saudavassdraget
38.1.0,Vikadalselva
38.2.0,Vikadalselva
39.1.0,Kyst Nedstrand-Haugesund-Tittelsnes
39.2.0,Kyst Nedstrand-Haugesund-Tittelsnes
400.1.0,BAYELVA
400.13.0,KONGSFJORDEN
400.17.0,NORDENSKIOLD LAND NORD/ADVENTELVA
400.18.0,NORDENSKIØLDKYSTEN
400.4.0,KONGSFJORDEN
400.5.0,SASSENFJORDEN/SASSENELVA
400.7.0,ADVENTELVA
400.8.0,BAYELVA
41.1.0,Etnevassdraget
41.12.0,Sørelva/Etnevassdraget
41.2.0,Sørelva/Etnevassdraget
41.34.0,Sørelva/Etnevassdraget
41.36.0,Kritlaelva/Sørelva/Etnevassdraget
41.37.0,Kritlaelva/Sørelva/Etnevassdraget
41.38.0,Kaldeimselva/Sørelva/Etnevassdraget
41.4.0,Sørelva/Etnevassdraget
41.8.0,Etnevassdraget
41.9.0,Etnevassdraget
42.1.0,Blåelva
42.10.0,Blåelva
42.11.0,Blåelva
42.16.0,Blåelva
42.2.0,Handalandselva
42.23.0,Blåelva/kyst Etnefjorden-Sunde
42.7.0,Blåelva
42.9.0,elv fra Insta Mosevatnet/Blåelva
45.10.0,Guddalselva
46.10.0,elv fra Langavatnet/Øyreselva
46.11.0,elv i Fagerdalen/Øyreselva
46.12.0,elv i Fagerdalen/Øyreselva
46.13.0,Austrepollelva
46.16.0,Øyreselva
46.28.0,Maurangerfjorden og Sildefjorden øst
46.4.0,Bondhuselva
46.9.0,Pyttelva/Bondhuselva
47.4.0,Flatabøelvi/Jondalselvi
47.5.0,elv fra Jukladalsvatnet/Flatabøelvi/Jondalselvi
47.8.0,Storelvi
48.1.0,Opo
48.3.0,Opo
48.5.0,Austdølo/Opo
48.6.0,Steinavatnbekken/Opo
48.8.0,Opo
49.1.0,Tysso/sørfjorden øst: Tysso-Krossanes
49.10.0,Nybuåna/Tysso
49.2.0,Tysso
49.4.0,Tysso
49.5.0,Vendo
49.6.0,Mågelielvi/Tysso
49.7.0,Nybuåna/Tysso
49.8.0,Breidåni/Nybuåna/Tysso
49.9.0,bekk fra Langevatnet/Nybuåna/Tysso
5.1.0,Gjersjøelva
5.10.0,Årungelva
5.17.0,Årungelva
5.19.0,Gjersjøelva
5.20.0,Gjersjøelva
5.22.0,Årungelva
5.3.0,Gjersjøelva
5.5.0,Gjersjøelva
5.7.0,Årungelva
5.9.0,Gjersjøelva
50.1.0,Kinso
50.12.0,Leiro/Eidfjordvassdraget
50.14.0,Simavassdraget
50.3.0,Eidfjordvassdraget
50.39.0,Eidfjordvassdraget
50.40.0,Veig/Eidfjordvassdraget
50.60.0,Isdølo/Eidfjordvassdraget
50.91.0,Eidfjordvassdraget
51.4.0,elv fra Kvilinganutvatnet/Austdøla/Osa-vassdraget
51.5.0,Langvasselva/Austdøla/Osa-vassdraget
51.8.0,Osa-vassdraget
52.2.0,Bjølvo
55.1.0,elv i Dukebotnen/Samnangervassdraget
55.10.0,Samnangervassdraget
55.12.0,Samnangervassdraget
55.18.0,Oselva
55.2.0,elv i Dukebotnen/Samnangervassdraget
55.3.0,Eikelandsvassdraget
55.4.0,Oselva
55.5.0,Oselva
55.7.0,Eikelandsvassdraget
55.9.0,Samnangervassdraget
56.1.0,Bergen og omegn
56.10.0,Bergen og omegn
56.11.0,Bergen og omegn
56.12.0,Nesttunvassdraget
56.13.0,Nesttunvassdraget
56.3.2,Fanaelva
56.9.0,Bergen og omegn
6.10.0,Nordmarkvassdraget
6.10.3,Nordmarkvassdraget
6.102.0,Nordmarkvassdraget
6.103.0,Nordmarkvassdraget
6.104.0,Frognerbekken
6.12.0,Alna
6.24.4,Nordmarkvassdraget
6.38.0,Nordmarkvassdraget
6.43.0,Ljanselva
6.67.1,Ljanselva
6.71.0,Spålselva/Nordmarkvassdraget
6.74.0,Frognerbekken
6.75.0,Frognerbekken
6.78.0,Alna
6.80.0,Hovinbekken/Nordmarkvassdraget
6.80.1,Hovinbekken/Nordmarkvassdraget
6.82.0,Frognerbekken
6.9.0,Nordmarkvassdraget
6.95.0,Frognerbekken
6.96.0,Nordmarkvassdraget
60.2.0,Hellandselva
60.3.0,Hellandselva
61.1.0,Bergsdalsvassdraget
61.10.0,Bergsdalsvassdraget
61.13.0,Bergsdalsvassdraget/kyst Salhus-Dale
61.14.0,Bergsdalsvassdraget
61.8.0,Kaldåni/Bergsdalsvassdraget
62.1.0,Teigdalselvi/Vossovassdraget
62.10.0,Vossovassdraget
62.11.0,Teigdalselvi/Vossovassdraget
62.114.0,Vossovassdraget
62.115.0,Vossovassdraget
62.116.0,Vossovassdraget
62.117.0,Raundalselvi/Vossovassdraget
62.120.0,Vossovassdraget
62.122.0,Vossovassdraget
62.14.0,Kvannjolo/Raundalselvi/Vossovassdraget
62.15.0,Raundalselvi/Vossovassdraget
62.17.0,Teigdalselvi/Vossovassdraget
62.18.0,Tysseelvi
62.19.0,Vossovassdraget
62.22.0,Vossovassdraget
62.29.0,Vossovassdraget
62.30.0,Vossovassdraget
62.33.0,Vossovassdraget
62.34.0,Raundalselvi/Vossovassdraget
62.35.0,Vossovassdraget
62.42.0,Vossovassdraget
62.44.0,Vossovassdraget
62.45.0,Vossovassdraget
62.46.0,Vossovassdraget
62.47.0,Vossovassdraget
62.48.0,Vossovassdraget
62.49.0,Vossovassdraget
62.5.0,Vossovassdraget
62.50.0,Vossovassdraget
62.51.0,Vossovassdraget
62.52.0,Vossovassdraget
62.53.0,Vossovassdraget
62.54.0,Vossovassdraget
62.7.0,Torfinno/Vossovassdraget
63.12.0,Fagerdalselvi/Eksingedalsvassdraget
63.5.0,Kvanndalselvi/Norddalselvi/Eksingedalsvassdraget
63.6.0,Eksingedalsvassdraget
63.8.0,Norddalselvi/Eksingedalsvassdraget
63.9.0,Norddalselvi/Eksingedalsvassdraget
64.11.0,Steinslandsvassdraget
64.23.0,Steinslandsvassdraget
64.3.0,Hodnafjellselvi/Berdalselvi/Steinslandsvassdraget
64.4.0,Steinslandsvassdraget
64.6.0,Steinslandsvassdraget
64.7.0,Krossdalselva/Steinslandsvassdraget
67.11.0,elv fra Meinsemdevatnet/Kringlebotnselvi/Matrevassdraget
67.12.0,Nordgilsdalselvi/Matrevassdraget
67.13.0,Mosedalselvi/Matrevassdraget
67.14.0,Haugsdalsvassdraget
67.15.0,Haugsdalsvassdraget
67.16.0,elv fra Skjerjavatnet/Haugsdalsvassdraget
67.17.0,Haugsdalsvassdraget
67.2.0,Haugsdalsvassdraget
67.5.0,Mosedalselvi/Matrevassdraget
67.6.0,Haugsdalsvassdraget
67.7.0,Matrevassdraget
67.8.0,Krokevasselva/Matrevassdraget
67.9.0,Kringlebotnselvi/Matrevassdraget
68.2.0,Nordgulelva
69.1.0,Fridalselva/Førdeelva
69.3.0,Førdeelva
69.4.0,Tverrelva/Førdeelva
69.5.0,Øystrebøelva
7.29.0,Lysakerelva
7.30.0,Lysakerelva
7.31.0,Hoffselva
70.10.0,Pyttane/Dalselvi
70.11.0,Dalselvi
70.12.0,Gravseta/Dalselvi
70.13.0,Pyttane/Dalselvi
70.17.0,Pyttane/Dalselvi
70.21.0,Rislåg/Viksvassdraget
70.7.0,Hopra
71.1.0,Nærøydalselvi
72.11.0,Fremste varga/Aurlandsvassdraget
72.13.0,Grøna/Aurlandsvassdraget
72.14.0,Aurlandsvassdraget
72.15.0,Grimsetelvi/Aurlandsvassdraget
72.17.0,Aurlandsvassdraget
72.18.0,Heimre varga/Aurlandsvassdraget
72.19.0,Heimre varga/Aurlandsvassdraget
72.20.0,Langavatnelvi/Stonndalselvi/Aurlandsvassdraget
72.21.0,Reppa/Stonndalselvi/Aurlandsvassdraget
72.23.0,Aurlandsvassdraget
72.24.0,Aurlandsvassdraget
72.25.0,Aurlandsvassdraget
72.37.0,Aurlandsvassdraget/Aurlandsfjorden
72.4.0,Reppa/Stonndalselvi/Aurlandsvassdraget
72.6.0,Katla/Aurlandsvassdraget
72.77.0,Flåmselvi
73.1.0,Lærdalsvassdraget
73.106.1,Jukleåni/Mørkedøla/Lærdalsvassdraget
73.107.1,Kjølåni/Mørkedøla/Lærdalsvassdraget
73.107.2,Kjølåni/Mørkedøla/Lærdalsvassdraget
73.108.0,Jukleåni/Mørkedøla/Lærdalsvassdraget
73.11.0,elv fra Slettningen/Lærdalsvassdraget
73.116.0,Lærdalsvassdraget
73.117.0,Lærdalsvassdraget
73.118.0,Lærdalsvassdraget
73.119.0,Lærdalsvassdraget
73.120.0,Lærdalsvassdraget
73.121.0,Lærdalsvassdraget
73.122.0,Lærdalsvassdraget
73.123.0,Lærdalsvassdraget
73.124.0,Lærdalsvassdraget
73.125.0,Lærdalsvassdraget
73.126.0,Lærdalsvassdraget
73.127.0,Lærdalsvassdraget
73.128.0,Lærdalsvassdraget
73.129.0,Lærdalsvassdraget
73.2.0,Lærdalsvassdraget
73.21.0,Lærdalsvassdraget
73.22.0,Oddedøla/Lærdalsvassdraget
73.23.0,Jukleåni/Mørkedøla/Lærdalsvassdraget
73.25.0,Jukleåni/Mørkedøla/Lærdalsvassdraget
73.27.0,Lærdalsvassdraget
73.28.0,Mørkedøla/Lærdalsvassdraget
73.29.0,Vetlelvi/Lærdalsvassdraget
73.30.0,Nivla/Lærdalsvassdraget
73.32.0,Kjølåni/Mørkedøla/Lærdalsvassdraget
73.4.0,Lærdalsvassdraget
73.41.0,Lærdalsvassdraget
73.42.0,Lærdalsvassdraget
74.1.0,Årdalsvassdraget
74.10.0,Raudsdøla/Årdalsvassdraget
74.108.0,Rauddøla/Årdalsvassdraget
74.109.0,Årdalsvassdraget
74.110.0,Skogadøla/Årdalsvassdraget
74.126.0,Austanbotnelvi/Fardalselvi/Årdalsvassdraget
74.14.0,Tya/Årdalsvassdraget
74.15.0,Årdalsvassdraget
74.16.0,Fardalselvi/Årdalsvassdraget
74.18.0,Indre offerdalselvi
74.19.0,Berdalselvi/Steigeelvi/Årdalsvassdraget
74.24.0,Nysetelvi
74.25.0,Nysetelvi
74.26.0,Tya/Årdalsvassdraget
74.29.0,Årdalsvassdraget
74.3.0,Tya/Årdalsvassdraget
74.30.0,Årdalsvassdraget
74.31.0,Årdalsvassdraget
74.33.0,Årdalsvassdraget
74.4.0,Breidbotnelvi/Tya/Årdalsvassdraget
74.6.0,Mannsbergelvi/Tya/Årdalsvassdraget
74.7.0,Biskopselvi/Tya/Årdalsvassdraget
74.8.0,Breidbotnelvi/Tya/Årdalsvassdraget
74.9.0,Berdalselvi/Steigeelvi/Årdalsvassdraget
75.10.0,Nørdstedøla/Fortunvassdraget
75.11.0,Gravdøla/Nørdstedøla/Fortunvassdraget
75.12.0,Illvasselvi/Nørdstedøla/Fortunvassdraget
75.13.0,Fortunvassdraget
75.14.0,Fortunvassdraget
75.15.0,Namnlauselvi/Fortunvassdraget
75.16.0,Vetledøla/Fortunvassdraget
75.17.0,Vetledøla/Fortunvassdraget
75.18.0,Fortunvassdraget
75.22.0,Mørkrisvassdraget
75.23.0,Krokadalselvi
75.26.0,Kolstadelvi/Dalsdalselvi
75.27.0,Kolstadelvi/Dalsdalselvi
75.28.0,Feigedalselvi
75.29.0,Fortunvassdraget
75.34.0,Fortunvassdraget
75.35.0,Fortunvassdraget
75.42.0,Nørdstedøla/Fortunvassdraget
75.43.0,Ringselvi/Bergselvi/Fortunvassdraget
75.44.0,Grandfasta/Fortunvassdraget
75.6.0,Grandfasta/Fortunvassdraget
75.7.0,Grandfasta/Fortunvassdraget
75.70.0,Fortunvassdraget
75.71.0,Bergselvi/Fortunvassdraget
75.8.0,Hervasselvi/Grandfasta/Fortunvassdraget
75.9.0,Hervasselvi/Grandfasta/Fortunvassdraget
75.93.0,Hervasselvi/Grandfasta/Fortunvassdraget
76.10.0,Jostedøla
76.11.0,Vigdøla/Jostedøla
76.13.0,Jostedøla
76.15.0,Bruvollelvi/Jostedøla
76.22.0,Krundøla/Jostedøla
76.28.0,Krundøla/Jostedøla
76.29.0,Jostedøla
76.31.0,Jostedøla
76.32.0,Leirdøla/Jostedøla
76.37.0,Jostedøla
76.39.0,Breelvi/Jostedøla
76.40.0,Krundøla/Jostedøla
76.42.0,Jostedøla
76.5.0,Breelvi/Jostedøla
76.65.0,Jostedøla
76.66.0,Jostedøla
76.67.0,Vigdøla/Jostedøla
76.68.0,Jostedøla
76.7.0,Breelvi/Jostedøla
77.14.0,Årøyvassdraget
77.2.0,Årøyvassdraget
77.24.0,Sogndalselvi
77.24.1,Sogndalselvi
77.24.4,Sogndalselvi
77.3.0,Sogndalselvi
78.10.0,Vetlefjordelvi
78.11.0,Vetlefjordelvi
78.12.0,Vetlefjordelvi
78.19.0,Supphelleelvi/Storelvi
78.4.0,Breelvi/Vetlefjordelvi
78.5.0,Jorddalselvi
78.6.0,Vetlefjordelvi
78.7.0,Vetlefjordelvi
78.8.0,Storelvi
78.9.0,Vetlefjordelvi
79.10.0,Eringsdalselva/Høyangervassdraget
79.11.0,Kråkelva
79.12.0,Eringsdalselva/Høyangervassdraget
79.13.0,Siplauelva/Hålandselva/Høyangervassdraget
79.14.0,Hålandselva/Høyangervassdraget
79.15.0,Hålandselva/Høyangervassdraget
79.17.0,Høyangervassdraget
79.18.0,Høyangervassdraget
79.19.0,Høyangervassdraget
79.2.0,Øyrelva
79.3.0,Nesselvi
79.4.0,Eringsdalselva/Høyangervassdraget
79.5.0,Eringsdalselva/Høyangervassdraget
79.6.0,Norddalselva/Eringsdalselva/Høyangervassdraget
79.7.0,Norddalselva/Eringsdalselva/Høyangervassdraget
79.8.0,Norddalselva/Eringsdalselva/Høyangervassdraget
79.9.0,Eringsdalselva/Høyangervassdraget
8.2.0,Sandvikselva
8.5.0,Øverlandselva/Sandvikselva
8.6.0,Øverlandselva/Sandvikselva
8.8.0,Øverlandselva/Sandvikselva
8.88.0,Øverlandselva/Sandvikselva
8.88.1,Øverlandselva/Sandvikselva
8.88.10,Øverlandselva/Sandvikselva
8.88.11,Øverlandselva/Sandvikselva
8.88.12,Øverlandselva/Sandvikselva
8.88.13,Øverlandselva/Sandvikselva
8.88.14,Øverlandselva/Sandvikselva
8.88.15,Øverlandselva/Sandvikselva
8.88.16,Øverlandselva/Sandvikselva
8.88.17,Øverlandselva/Sandvikselva
8.88.18,Øverlandselva/Sandvikselva
8.88.19,Øverlandselva/Sandvikselva
8.88.2,Øverlandselva/Sandvikselva
8.88.20,Øverlandselva/Sandvikselva
8.88.21,Øverlandselva/Sandvikselva
8.88.22,Øverlandselva/Sandvikselva
8.88.23,Øverlandselva/Sandvikselva
8.88.24,Øverlandselva/Sandvikselva
8.88.25,Øverlandselva/Sandvikselva
8.88.3,Øverlandselva/Sandvikselva
8.88.4,Øverlandselva/Sandvikselva
8.88.5,Øverlandselva/Sandvikselva
8.88.6,Øverlandselva/Sandvikselva
8.88.7,Øverlandselva/Sandvikselva
8.88.8,Øverlandselva/Sandvikselva
8.88.9,Øverlandselva/Sandvikselva
8.88.91,Øverlandselva/Sandvikselva
8.88.92,Øverlandselva/Sandvikselva
8.88.93,Øverlandselva/Sandvikselva
8.89.0,Lomma/Sandvikselva
8.90.0,Sandvikselva
80.10.0,Hovlandselva
80.11.0,Hovlandselva
80.12.0,Storevatnelva/Veslelva/Hovlandselva
80.13.0,Lølandselva
80.4.0,elv i Ullebødalen/Dyrneslielva
80.5.0,Lølandselva
80.6.0,Blåvassgrova/Hovlandselva
80.7.0,Hovlandselva
80.8.0,Veslelva/Hovlandselva
80.9.0,Seltuftelva/Hovlandselva
81.1.0,Hageelva
82.4.0,Guddalsvassdraget
83.10.0,Åmotselva/Gaularvassdraget
83.12.0,Gaularvassdraget
83.14.0,Sandaelva/Gaularvassdraget
83.16.0,Gaularvassdraget
83.17.0,Gaularvassdraget
83.18.0,Gaularvassdraget
83.2.0,Gaularvassdraget
83.44.0,
83.6.0,Eldalselva/Gaularvassdraget
83.7.0,Gaularvassdraget
83.9.0,Åmotselva/Gaularvassdraget
84.1.0,Jølstra
84.11.0,Nausta
84.15.0,Jølstra
84.17.0,Jølstra
84.20.0,Holsaelva/Jølstra
84.21.0,Jølstra
84.22.0,Jølstra
84.23.0,Nausta
84.25.3,Jølstra
84.31.0,Ångedalselva/Jølstra
84.52.0,Jølstra
84.57.0,Nausta
85.10.0,Svartevasselva/Norddalselva
85.12.0,Oselvvassdraget
85.2.0,Oselvvassdraget
85.3.0,Norddalselva
85.4.0,Solheimsvassdraget
85.5.0,Oselvvassdraget
85.6.0,Norddalselva
85.7.0,Norddalselva
85.8.0,Oselvvassdraget
85.9.0,Haukåa
86.10.0,Gjengedalsvassdraget
86.11.0,Åskorelva
86.12.0,Storelva
86.13.0,Vingefosselva
86.14.0,elv fra Litle snønykevatnet/Førdedalselva
86.15.0,Nibbevatnelva/Sørdalselva/Bortneelva
86.16.0,Iverelva/Svelgenvassdraget
86.17.0,Svelgenvassdraget
86.18.0,Svelgenvassdraget
86.19.0,Sødalselva/Åskorelva
86.20.0,Vestre yksneelva
86.21.0,elv fra Z-vatnet/Vestre yksneelva
86.22.0,Sødalselva/Åskorelva
86.24.0,Sødalselva/Åskorelva
86.25.0,Vestre yksneelva
86.26.0,Midtre yksneelva
86.27.0,Vestre yksneelva
86.28.0,Sagåa
86.29.0,Gjengedalsvassdraget/Frøysjøen og ytre Nordfjord sør
86.39.0,Ramskredelva/Indrehuselva
86.40.0,Indrehuselva
86.56.0,Litleelva/Åskorelva
87.1.0,Breimsvassdraget
87.10.0,Breimsvassdraget
87.2.0,Breimsvassdraget
87.4.0,Breimsvassdraget
87.9.0,Myklebustdalselva/Breimsvassdraget
88.11.0,Strynevassdraget
88.15.0,Grasdøla/Skjerdingsdøla/Strynevassdraget
88.16.0,Strynevassdraget
88.20.0,Oldenvassdraget
88.30.0,Oldenvassdraget
88.31.0,Loenvassdraget
88.32.0,Strynevassdraget
88.33.0,Strynevassdraget
88.35.0,Erdalselva/Strynevassdraget
88.4.0,Loenvassdraget
89.1.0,Hornindalsvassdraget
89.10.1,Hornindalsvassdraget
89.2.0,Hornindalsvassdraget
89.3.1,Hornindalsvassdraget
9.2.0,Askerelva
9.8.0,Sandvikselva
90.1.0,Bremangerlandet
91.2.0,Storelva
94.13.0,"Stigedalselva/voldafjorden, Austefjord og Dalsfjorden"
94.19.0,"Stigedalselva/voldafjorden, Austefjord og Dalsfjorden"
95.11.0,Follestaddalselva/Ørstavassdraget
95.12.0,Ørstavassdraget
95.4.0,Ørstavassdraget
96.3.0,Hareidselva
97.1.0,Velledalselva
97.11.0,Tusselva
97.5.0,Sleddalselva/Vikelva
97.9.0,Vikelva
98.3.0,Fausaelva
98.4.0,Bygdaelva
98.90.19,Storelva
99.1.0,Tafjordvassdraget
99.10.0,Fagerbotnelva/Tafjordvassdraget
99.14.0,Rødalselva/Tafjordvassdraget
99.15.0,Rødalselva/Tafjordvassdraget
99.17.0,Rødøla/Rødalselva/Tafjordvassdraget
99.2.0,Tafjordvassdraget
99.4.0,Tafjordvassdraget
99.5.0,Rødøla/Rødalselva/Tafjordvassdraget
99.6.0,Fetvasselva/Tafjordvassdraget
99.7.0,Rødalselva/Tafjordvassdraget
99.8.0,Tafjordvassdraget
99.9.0,Tafjordvassdraget
